name,price
adidas neo CHAOS 休闲鞋,¥729
NMD_R1 经典鞋,¥1399
SUPERSTAR W 经典鞋,¥899
STAN SMITH W 经典鞋,¥899
SUPERSTAR 经典鞋,¥799
ARKYN W 经典鞋,¥1199
Superstar Slip On W 经典鞋,¥729¥799
SUPERSTAR 经典鞋,¥799
adidas neo LITE RACER RBN 休闲鞋,¥599
adidas neo LITE RACER RBN 休闲鞋,¥599
PureBOOST GO W 跑步鞋,¥999
adidas neo QT RACER 休闲鞋,¥529
adidas neo LITE RACER CLN 休闲鞋,¥569
adidas neo ULTIMAMOTION 休闲鞋,¥669
adidas neo ULTIMAMOTION 休闲鞋,¥669
adidas neo VS ADVANTAGE CL 休闲鞋,¥569
UltraBOOST X 3.D. S. 跑步鞋,¥1799
SOLAR DRIVE W 跑步鞋,¥899
STAN SMITH W 经典鞋,¥899
